regionName,cityName,house-buy,house-rent,apartment-buy,apartment-rent,condominium-buy,condominium-rent
abra,bangued,0,0,0,0,0,0
abra,boliney,0,0,0,0,0,0
abra,bucay,0,0,0,0,0,0
abra,bucloc,0,0,0,0,0,0
abra,daguioman,0,0,0,0,0,0
abra,danglas,0,0,0,0,0,0
abra,dolores,0,0,0,0,0,0
abra,la-paz,0,0,0,0,0,0
abra,lacub,0,0,0,0,0,0
abra,lagangilang,0,0,0,0,1,0
abra,lagayan,0,0,0,0,0,0
abra,langiden,0,0,0,0,0,0
abra,licuan-baay,0,0,0,0,0,0
abra,luba,0,0,0,0,0,0
abra,malibcong,0,0,0,0,0,0
abra,manabo,0,0,0,0,0,0
abra,penarrubia,0,0,0,0,0,0
abra,pidigan,0,0,0,0,0,0
abra,pilar,0,0,0,0,0,0
abra,sallapadan,0,0,0,0,0,0
abra,san-isidro-ab,0,1,0,1,0,0
abra,san-juan,1,0,0,0,0,0
abra,san-quintin,0,0,0,0,0,0
abra,tayum,1,0,0,0,0,0
abra,tineg,0,0,0,0,0,0
abra,tubo,0,0,0,0,0,0
abra,villaviciosa,0,0,0,0,0,0
agusan-del-norte,buenavista,0,0,0,0,0,0
agusan-del-norte,butuan,61,3,2,2,10,0
agusan-del-norte,cabadbaran,2,0,1,0,0,0
agusan-del-norte,carmen,0,0,0,0,0,0
agusan-del-norte,jabonga,0,0,0,0,0,0
agusan-del-norte,kitcharao,0,0,0,0,0,0
agusan-del-norte,las-nieves,0,0,0,0,0,0
agusan-del-norte,magallanes,0,0,0,0,0,0
agusan-del-norte,nasipit,1,0,0,0,0,0
agusan-del-norte,remedios-t-romualdez,0,0,0,0,0,0
agusan-del-norte,santiago,0,0,0,0,0,0
agusan-del-norte,tubay,0,0,0,0,0,0
agusan-del-sur,bayugan,0,0,0,0,0,0
agusan-del-sur,esperanza,0,0,0,0,0,0
agusan-del-sur,la-paz-1,0,0,0,0,0,0
agusan-del-sur,loreto,0,0,0,0,0,0
agusan-del-sur,prosperidad,0,0,0,0,0,0
agusan-del-sur,san-francisco,0,0,1,0,0,0
agusan-del-sur,san-luis,0,0,0,0,0,0
agusan-del-sur,sibagat,0,0,0,0,0,0
agusan-del-sur,talacogon,0,0,0,0,0,0
agusan-del-sur,veruela,0,0,0,0,0,0
aklan,altavas,0,0,0,0,0,0
aklan,balete,0,0,0,0,0,0
aklan,bangar,0,0,0,0,0,0
aklan,batan,0,0,0,0,0,0
aklan,buruanga,0,0,0,0,0,0
aklan,ibajay,0,0,0,0,0,0
aklan,kalibo,3,0,1,0,0,0
aklan,lezo,0,0,0,0,0,0
aklan,libacao,0,0,0,0,0,0
aklan,madalag,0,0,0,0,0,0
aklan,makato,0,0,0,0,0,0
aklan,malay,30,0,20,4,45,1
aklan,malinao,0,0,0,0,0,0
aklan,nabas,3,0,0,0,0,0
aklan,new-washington,0,0,0,0,0,0
aklan,numancia,11,0,0,0,0,0
aklan,tangalan,0,0,0,0,0,0
albay,bacacay,0,0,0,0,0,0
albay,camalig,0,0,0,0,0,0
albay,daraga,4,0,0,0,0,0
albay,guinobatan,0,0,0,0,0,0
albay,jovellar,0,0,0,0,0,0
albay,legazpi,11,2,1,0,0,0
albay,libon,0,0,0,1,0,0
albay,ligao,0,0,0,0,0,0
albay,malilipot,0,0,0,0,0,0
albay,malinao-1,2,0,0,0,0,0
albay,manito,0,0,0,0,0,0
albay,oas,1,0,0,0,0,0
albay,pio-duran,0,0,0,0,0,0
albay,polangui,0,0,0,0,0,0
albay,rapu-rapu,1,0,0,0,0,0
albay,santo-domingo,0,0,0,0,0,0
albay,tabaco,0,1,0,0,0,0
albay,tiwi,0,0,0,0,0,0
antique,anini-y,0,0,0,0,0,0
antique,barbaza,0,0,0,0,0,0
antique,belison,0,0,0,0,0,0
antique,bugasong,0,0,0,0,0,0
antique,caluya,0,0,0,0,0,0
antique,culasi,1,0,0,0,0,0
antique,hamtic,0,0,0,0,0,0
antique,laua-an,0,0,0,0,0,0
antique,libertad,0,0,0,0,0,0
antique,pandan,1,0,0,0,0,0
antique,patnongon,0,0,0,0,0,0
antique,san-jose,1,0,0,0,0,0
antique,san-remigio,0,0,0,0,0,0
antique,sebaste,0,0,0,0,0,0
antique,sibalom,0,0,0,0,0,0
antique,tibiao,0,0,0,0,0,0
antique,tobias-fornier,0,0,0,0,0,0
antique,valderrama,0,0,0,0,0,0
apayao,calanasan,1,0,0,0,0,0
apayao,conner,0,0,0,0,0,0
apayao,flora,0,0,0,0,0,0
apayao,kabugao,0,0,0,0,0,0
apayao,luna,0,0,0,0,0,0
apayao,pudtol,0,0,0,0,0,0
apayao,santa-marcela,0,0,0,0,0,0
aurora,baler,1,0,0,0,0,0
aurora,dinalungan,0,0,0,0,0,0
aurora,dingalan,0,0,0,0,0,0
aurora,dipaculao,0,0,0,0,0,0
aurora,maria-aurora,0,0,0,0,0,0
aurora,san-luis-1,1,0,0,0,0,0
basilan,akbar,0,0,0,0,0,0
basilan,al-barka,0,0,0,0,0,0
basilan,hadji-mohammad-ajul,0,0,0,0,0,0
basilan,isabela-1,0,0,0,0,0,0
basilan,lamitan,0,0,0,0,0,0
basilan,lantawan,0,0,0,0,0,0
basilan,maluso,0,0,0,0,0,0
basilan,sumisip,0,0,0,0,0,0
basilan,tipo-tipo,0,0,0,0,0,0
basilan,tuburan,0,0,0,0,0,0
basilan,ungkaya-pukan,0,0,0,0,0,0
bataan,abucay,7,0,0,0,0,0
bataan,bagac,2,1,0,0,0,0
bataan,balanga,79,2,1,0,2,0
bataan,dinalupihan,14,1,0,0,0,0
bataan,hermosa,13,0,0,0,0,0
bataan,limay,47,0,0,0,0,0
bataan,mariveles,19,0,1,1,21,0
bataan,morong,35,7,0,0,6,1
bataan,orani,4,0,0,0,0,0
bataan,orion,10,0,1,0,0,0
bataan,pilar-1,3,0,1,0,0,0
bataan,samal,2,0,0,0,0,0
batangas,agoncillo,0,1,0,0,0,0
batangas,alitagtag,0,0,0,0,0,0
batangas,balayan,10,1,1,0,0,0
batangas,balete-1,0,0,0,0,0,0
batangas,batangas-city,75,15,2,3,3,0
batangas,bauan,23,1,0,0,0,0
batangas,calaca,4,0,0,0,0,0
batangas,calatagan,33,1,0,0,1,0
batangas,calicanto,0,0,0,0,0,0
batangas,cuenca,1,0,0,0,0,0
batangas,ibaan,1,0,0,0,0,0
batangas,laurel,26,0,0,0,68,2
batangas,lemery,5,0,0,1,1,0
batangas,lian,6,1,0,0,0,0
batangas,lipa,401,18,1,1,25,5
batangas,lobo,2,0,0,0,0,0
batangas,mabini,1,0,0,0,0,0
batangas,malvar,23,2,0,0,0,0
batangas,mataas-na-kahoy,2,0,0,0,0,0
batangas,nasugbu,173,2,0,1,78,3
batangas,padre-garcia,15,0,0,0,0,0
batangas,rosario-1,16,0,0,0,0,0
batangas,san-jose-1,39,0,0,0,0,0
batangas,san-juan-1,76,0,0,0,20,0
batangas,san-luis-2,1,0,0,0,0,0
batangas,san-nicolas,1,0,0,0,0,0
batangas,san-pascual,8,0,1,0,0,0
batangas,santa-teresita,0,0,0,0,0,0
batangas,santo-tomas,121,15,1,7,17,1
batangas,taal,35,0,0,0,0,0
batangas,talisay,29,0,0,0,10,0
batangas,tanauan,108,2,3,0,2,0
batangas,taysan,1,0,0,0,0,0
batangas,tingloy,0,0,0,0,0,0
batangas,tuy,20,1,0,0,0,0
benguet,atok,0,0,0,0,0,0
benguet,baguio,499,13,53,32,321,9
benguet,bakun,0,0,0,0,0,0
benguet,bokod,0,0,0,0,0,0
benguet,buguias,0,0,0,0,0,0
benguet,itogon,4,0,1,0,1,0
benguet,kabayan,0,0,0,0,0,0
benguet,kapangan,0,0,0,0,0,0
benguet,kibungan,0,0,0,0,0,0
benguet,la-trinidad,3,0,2,0,0,0
benguet,mankayan,0,0,0,0,0,0
benguet,sablan,0,0,0,0,0,0
benguet,tuba,14,0,0,0,0,0
benguet,tublay,0,0,0,0,0,0
biliran,almeria,0,0,0,0,0,0
biliran,biliran-1,1,0,0,0,0,0
biliran,cabucgayan,0,0,0,0,0,0
biliran,caibiran,0,0,0,0,0,0
biliran,culaba,0,0,0,0,0,0
biliran,kawayan,0,0,0,0,0,0
biliran,maripipi,0,0,0,0,1,0
biliran,naval,0,0,0,0,0,0
bohol,alburquerque,1,0,0,0,0,0
bohol,alicia,0,0,0,0,0,0
bohol,anda,2,0,0,0,0,0
bohol,antequera,0,0,0,0,0,0
bohol,baclayon,16,1,0,0,0,0
bohol,balilihan,0,0,0,0,0,0
bohol,batuan,0,0,0,0,0,0
bohol,bien-unido,0,0,0,0,0,0
bohol,bilar,0,0,0,0,0,0
bohol,bohol-1,1,0,0,0,0,0
bohol,buenavista-1,0,0,0,0,0,0
bohol,calape,2,0,0,0,0,0
bohol,candijay,0,0,0,0,0,0
bohol,carmen-1,0,0,0,0,0,0
bohol,catigbian,0,0,0,0,0,0
bohol,clarin,0,0,0,0,0,0
bohol,corella,0,0,0,0,0,0
bohol,cortes,2,0,0,0,0,0
bohol,dagohoy,0,0,0,0,0,0
bohol,danao,0,0,0,0,0,0
bohol,dauis,88,8,6,0,15,0
bohol,dimiao,0,0,0,0,0,0
bohol,duero,2,0,0,0,0,0
bohol,garcia-hernandez,0,0,0,0,0,0
bohol,getafe,0,0,0,0,0,0
bohol,guindulman,1,0,0,0,0,0
bohol,inabanga,1,0,0,0,0,0
bohol,jagna,0,0,0,0,0,0
bohol,lila,1,0,0,0,0,0
bohol,loay,1,0,0,0,0,0
bohol,loboc,0,0,0,0,0,0
bohol,loon,2,0,0,0,0,0
bohol,mabini-1,0,0,0,0,0,0
bohol,maribojoc,0,0,0,0,0,0
bohol,panglao,35,14,4,1,3,0
bohol,pilar-2,0,0,0,0,0,0
bohol,president-carlos-p-garcia,0,0,0,0,0,0
bohol,sagbayan,0,0,0,0,0,0
bohol,san-isidro-1,0,0,0,0,0,0
bohol,san-miguel,0,0,0,0,0,0
bohol,sevilla,0,0,0,0,0,0
bohol,sierra-bullones,0,0,0,0,0,0
bohol,sikatuna,0,0,0,0,0,0
bohol,tagbilaran,27,3,1,1,1,0
bohol,talibon,1,0,0,0,0,0
bohol,trinidad,0,0,0,0,0,0
bohol,tubigon,1,0,0,0,0,0
bohol,ubay,2,0,0,0,0,0
bohol,valencia,1,0,0,0,0,0
bukidnon,baungon,0,0,0,0,0,0
bukidnon,cabanglasan,0,0,0,0,0,0
bukidnon,damulog,0,0,0,0,0,0
bukidnon,dancagan,1,0,0,0,0,0
bukidnon,don-carlos,0,0,0,0,0,0
bukidnon,impasug-ong,0,0,0,0,0,0
bukidnon,kadingilan,0,0,0,0,0,0
bukidnon,kalilangan,0,0,0,0,0,0
bukidnon,kibawe,0,0,0,0,0,0
bukidnon,kitaotao,0,0,0,0,0,0
bukidnon,lantapan,1,0,0,0,0,0
bukidnon,libona,0,0,0,0,0,0
bukidnon,malaybalay,3,0,0,0,0,0
bukidnon,malitbog,0,0,0,0,0,0
bukidnon,manolo-fortich,16,0,0,0,0,0
bukidnon,maramag,3,0,0,0,0,0
bukidnon,pangantucan,0,0,0,0,0,0
bukidnon,quezon-1,1,0,0,0,0,0
bukidnon,san-fernando,0,0,0,0,0,0
bukidnon,sumilao,0,0,0,0,0,0
bukidnon,talakag,0,0,0,0,0,0
bukidnon,vallencia,7,0,0,0,0,0
bulacan,angat,1,0,0,0,0,0
bulacan,balagtas,15,0,1,0,0,0
bulacan,baliuag,173,3,4,0,18,0
bulacan,bocaue,15,2,1,0,0,0
bulacan,bulacan-1,26,1,1,0,0,0
bulacan,bustos,0,0,0,0,0,0
bulacan,calumpit,35,0,0,0,0,0
bulacan,dona-remedios-trinidad,0,0,0,0,0,0
bulacan,guiguinto,27,1,0,1,0,0
bulacan,hagonoy,5,0,0,0,0,0
bulacan,malolos,279,1,2,1,7,0
bulacan,marilao,125,1,2,1,24,3
bulacan,meycauayan,47,1,0,2,0,0
bulacan,norzagaray,9,0,0,0,0,0
bulacan,obando,2,0,0,0,0,0
bulacan,pandi,106,0,0,0,0,0
bulacan,paombong,36,0,0,0,0,0
bulacan,plaridel,57,0,0,2,0,0
bulacan,pulilan,72,1,0,0,0,0
bulacan,san-ildefonso,5,0,0,1,0,0
bulacan,san-jose-del-monte,272,15,1,2,107,1
bulacan,san-miguel-1,1,0,0,0,0,0
bulacan,san-rafael,62,0,0,0,1,0
bulacan,santa-maria,390,1,0,0,0,0
cagayan,abulug,0,0,0,0,0,0
cagayan,alcala,0,0,0,0,0,0
cagayan,allacapan,0,0,0,0,0,0
cagayan,amulung,0,0,0,0,0,0
cagayan,aparri,2,0,0,0,0,0
cagayan,baggao,0,0,0,0,0,0
cagayan,ballesteros,0,0,0,0,0,0
cagayan,buguey,0,0,0,0,0,0
cagayan,camalaniugan,0,0,0,0,0,0
cagayan,claveria,0,0,0,0,0,0
cagayan,enrile,0,0,0,0,0,0
cagayan,gattaran,0,0,0,0,0,0
cagayan,gonzaga,0,0,0,0,0,0
cagayan,iguig,0,0,0,0,0,0
cagayan,lal-lo,0,0,0,0,0,0
cagayan,lasam,2,0,0,0,0,0
cagayan,pamplona,0,0,0,0,0,0
cagayan,penablanca,0,0,0,0,0,0
cagayan,piat,0,0,0,0,0,0
cagayan,rizal-1,0,0,0,0,0,0
cagayan,sanchez-mira,0,0,0,0,0,0
cagayan,santa-ana,0,0,1,0,0,0
cagayan,santa-praxedes,0,0,0,0,0,0
cagayan,santa-teresita-1,0,0,0,0,0,0
cagayan,santo-nino,0,0,0,0,0,0
cagayan,solana,0,0,0,0,0,0
cagayan,tuao,0,0,0,0,0,0
cagayan,tuguegarao,42,0,2,0,8,0
camarines-norte,basud,0,0,0,0,0,0
camarines-norte,capalonga,0,0,0,0,0,0
camarines-norte,daet,1,1,1,0,0,0
camarines-norte,jose-panganiban,0,0,0,0,0,0
camarines-norte,labo,0,0,0,0,0,0
camarines-norte,mercedes,0,0,0,0,0,0
camarines-norte,paracale,0,0,0,0,0,0
camarines-norte,san-lorenzo-ruiz,0,0,0,0,0,0
camarines-norte,san-vicente,4,0,0,0,0,0
camarines-norte,santa-elena,0,0,0,0,0,0
camarines-norte,talisay-1,0,0,0,0,0,0
camarines-norte,vinzons,0,0,0,0,0,0
camarines-sur,baao,0,0,0,0,0,0
camarines-sur,balatan,0,0,0,0,0,0
camarines-sur,bato,0,0,0,0,0,0
camarines-sur,bombon,0,0,0,0,0,0
camarines-sur,buhi,0,0,0,0,0,0
camarines-sur,bula,0,0,0,0,0,0
camarines-sur,cabusao,0,0,0,0,0,0
camarines-sur,calabanga,0,0,0,0,0,0
camarines-sur,camaligan,0,0,0,1,0,0
camarines-sur,canaman,0,0,0,0,0,0
camarines-sur,caramoan,0,0,0,0,0,0
camarines-sur,del-gallego,0,0,0,0,0,0
camarines-sur,gainza,0,0,0,0,0,0
camarines-sur,garchitorena,0,0,0,0,0,0
camarines-sur,goa,1,0,0,0,0,0
camarines-sur,iriga,3,0,0,0,0,0
camarines-sur,lagonoy,0,0,0,0,0,0
camarines-sur,libmanan,0,1,0,0,0,0
camarines-sur,lupi,0,0,0,0,0,0
camarines-sur,magarao,0,0,0,0,0,0
camarines-sur,milaor,0,0,0,0,0,0
camarines-sur,minalabac,0,0,0,0,0,0
camarines-sur,nabua,0,0,0,0,0,0
camarines-sur,naga,31,1,3,1,4,0
camarines-sur,ocampo,0,0,0,0,0,0
camarines-sur,pamplona-1,0,0,0,0,0,0
camarines-sur,pasacao,0,0,0,0,0,0
camarines-sur,pili,3,0,0,0,0,0
camarines-sur,presentacion,0,0,0,0,0,0
camarines-sur,ragay,0,0,0,0,0,0
camarines-sur,sagnay,0,0,0,0,0,0
camarines-sur,san-fernando-1,0,0,0,0,0,0
camarines-sur,san-jose-2,0,0,0,0,0,0
camarines-sur,sipocot,0,0,0,0,0,0
camarines-sur,siruma,0,0,0,0,0,0
camarines-sur,tigaon,0,0,0,0,0,0
camarines-sur,tinambac,0,0,0,0,0,0
camiguin,catarman,0,0,0,0,0,0
camiguin,guinsiliban,0,0,0,0,0,0
camiguin,mahinog,0,0,0,0,0,0
camiguin,mambajao,4,0,1,1,0,0
camiguin,sagay,0,0,0,0,0,0
capiz,cuartero,0,0,0,0,0,0
capiz,dao,0,0,0,0,0,0
capiz,dumalag,0,0,0,0,0,0
capiz,dumarao,0,0,0,0,0,0
capiz,ivisan,0,0,0,0,0,0
capiz,jamindan,0,0,0,0,0,0
capiz,ma-ayon,0,0,0,0,0,0
capiz,mambusao,0,0,0,0,0,0
capiz,panay,0,0,0,0,0,0
capiz,panitan,0,0,0,0,0,0
capiz,pilar-3,0,0,0,0,0,0
capiz,pontevedra,0,0,0,0,0,0
capiz,president-roxas,0,0,0,0,0,0
capiz,roxas,25,0,0,0,2,0
capiz,sapi-an,0,0,0,0,0,0
capiz,sigma,0,0,0,0,0,0
capiz,tapaz,0,0,0,0,0,0
cavite,alfonso,140,2,2,0,11,0
cavite,amadeo,44,1,0,0,0,0
cavite,bacoor,744,44,3,5,74,44
cavite,carmona,208,22,0,0,1,2
cavite,cavite-city,12,0,2,0,0,0
cavite,dasmarinas,469,27,3,3,36,6
cavite,general-emilio-aguinaldo,3,0,0,0,0,0
cavite,general-mariano-alvarez,17,0,1,0,0,0
cavite,general-trias,887,34,1,2,37,3
cavite,imus,543,25,10,2,200,5
cavite,indang,14,0,0,1,0,0
cavite,kawit,36,5,1,0,0,0
cavite,magallanes-1,1,0,0,0,0,1
cavite,maragondon,0,0,0,0,0,0
cavite,mendez,12,0,0,0,0,0
cavite,naic,164,0,1,0,0,0
cavite,noveleta,17,0,0,0,0,0
cavite,rosario-2,2,1,0,0,0,0
cavite,silang,891,63,1,3,54,15
cavite,tagaytay,702,15,24,2,517,51
cavite,tanza,425,5,3,0,27,0
cavite,ternate,1,0,0,0,0,0
cavite,trece-martires,300,1,1,0,12,0
cebu,alcantara,0,0,0,0,0,0
cebu,alcoy,5,2,0,0,0,0
cebu,alegria,0,0,0,0,0,0
cebu,aloguinsan,0,0,0,0,0,0
cebu,argao,17,0,1,0,0,0
cebu,asturias,0,0,0,0,0,0
cebu,badian,2,1,0,0,1,0
cebu,balamban,5,1,0,0,0,0
cebu,bantayan,0,0,0,0,0,0
cebu,barili,2,0,0,0,0,0
cebu,bogo,8,0,0,0,0,0
cebu,boljoon,0,0,0,0,0,0
cebu,borbon,1,0,0,0,0,0
cebu,carcar,18,3,0,0,0,0
cebu,carmen-2,6,0,0,0,0,0
cebu,catmon,1,0,0,0,0,0
cebu,cebu-1,625,488,36,152,1461,1647
cebu,compostela,21,5,0,1,0,0
cebu,consolacion,103,14,0,3,1,0
cebu,cordova,26,4,1,0,2,1
cebu,daanbantayan,2,0,0,0,0,0
cebu,dalaguete,2,0,0,0,0,0
cebu,danao-1,34,1,0,0,0,0
cebu,dumanjug,1,0,0,0,0,0
cebu,gintilan,1,0,0,0,0,0
cebu,lahug,0,1,0,0,2,0
cebu,lapu-lapu,326,62,12,27,588,128
cebu,liloan,183,8,1,5,2,0
cebu,mactan,1,0,0,0,1,1
cebu,madridejos,0,0,0,0,0,0
cebu,malabuyoc,0,0,0,0,0,0
cebu,mandaue,157,71,10,24,196,83
cebu,medellin,1,0,1,0,0,0
cebu,minglanilla,89,34,1,3,4,1
cebu,moalboal,1,1,0,0,0,0
cebu,naga-1,14,2,0,0,0,0
cebu,oslob,5,0,0,0,0,0
cebu,pilar-4,0,0,0,0,0,0
cebu,pinamungahan,0,0,0,0,0,0
cebu,poro,0,0,0,0,0,0
cebu,ronda,1,0,0,0,0,0
cebu,samboan,1,0,0,0,0,0
cebu,san-fernando-2,5,1,0,2,0,0
cebu,san-francisco-1,14,0,1,0,0,0
cebu,san-remigio-1,4,1,0,0,0,0
cebu,santa-fe,8,3,1,0,0,0
cebu,santander,2,0,0,0,0,0
cebu,sibonga,0,0,0,0,0,0
cebu,sogod,0,0,0,0,0,0
cebu,tabogon,1,0,0,0,0,0
cebu,tabuelan,0,0,0,0,0,0
cebu,talisay-2,231,22,3,16,36,2
cebu,toledo,9,0,0,0,0,0
cebu,tuburan-1,1,0,0,0,0,0
cebu,tudela,0,0,0,0,1,0
compostela-valley,compostela-1,0,0,0,0,0,0
compostela-valley,laak,0,0,0,0,0,0
compostela-valley,mabini-2,0,0,0,0,0,0
compostela-valley,maco,0,0,0,0,0,0
compostela-valley,maragusan,0,0,0,0,0,0
compostela-valley,mawab,0,0,0,0,0,0
compostela-valley,monkayo,0,0,0,0,0,0
compostela-valley,montevista,0,0,0,0,0,0
compostela-valley,nabunturan,0,0,0,0,0,0
compostela-valley,new-bataan,0,0,0,0,0,0
compostela-valley,pantukan,0,0,0,0,0,0
cotabato,alamada,0,0,0,0,0,0
cotabato,aleosan,0,0,0,0,0,0
cotabato,antipas,0,0,0,0,0,0
cotabato,arakan,0,0,0,0,0,0
cotabato,banga,0,0,0,0,0,0
cotabato,banisilan,0,0,0,0,0,0
cotabato,carmen-3,0,0,0,0,0,0
cotabato,general-santos,0,0,0,0,0,0
cotabato,kabacan,0,0,0,0,0,0
cotabato,kidapawan,2,0,0,0,0,0
cotabato,koronadal,0,0,0,0,0,0
cotabato,surallah,0,0,0,0,0,0
cotabato,tantangan,0,0,0,0,0,0
cotabato,tulunan,0,0,0,0,0,0
cotabato,president-roxas-5,1,1,0,1,3,0
cotabato,pikit,0,0,0,0,0,0
cotabato,matalam,0,0,0,0,0,0
davao-del-norte,asuncion,0,0,0,0,0,0
davao-del-norte,braulio-e-dujali,0,0,0,0,0,0
davao-del-norte,carmen-4,3,0,0,0,0,0
davao-del-norte,island-of-garden-samal-samal,16,2,0,0,11,0
davao-del-norte,kapalong,0,0,0,0,0,0
davao-del-norte,new-corella,0,0,0,0,0,0
davao-del-norte,panabo,17,0,0,0,2,0
davao-del-norte,san-isidro-2,0,0,1,0,0,0
davao-del-norte,santo-tomas-1,0,0,0,0,0,0
davao-del-norte,tagum,42,0,5,1,0,0
davao-del-norte,talaingod,0,0,0,0,0,0
davao-del-sur,bansalan,0,0,0,0,0,0
davao-del-sur,davao,411,82,16,27,297,78
davao-del-sur,digos,6,1,0,0,0,0
davao-del-sur,hagonoy-1,0,0,0,0,0,0
davao-del-sur,kiblawan,0,0,0,0,0,0
davao-del-sur,magsaysay,0,0,0,0,0,0
davao-del-sur,malalag,0,0,0,0,0,0
davao-del-sur,matanao,0,0,0,0,0,0
davao-del-sur,padada,0,0,0,0,0,0
davao-del-sur,santa-cruz,0,0,0,0,0,0
davao-del-sur,sulop,0,0,0,0,0,0
davao-oriental,baganga,0,0,0,0,0,0
davao-oriental,banaybanay,0,0,0,0,0,0
davao-oriental,boston,0,0,0,0,0,0
davao-oriental,caraga,0,0,0,0,0,0
davao-oriental,cateel,0,0,0,0,0,0
davao-oriental,governor-generoso,0,0,0,0,0,0
davao-oriental,lupon,0,0,0,0,0,0
davao-oriental,manay,0,0,0,0,0,0
davao-oriental,mati,1,0,0,0,0,0
davao-oriental,san-isidro-3,0,0,0,0,0,0
davao-oriental,tarragona,0,0,0,0,0,0
dinagat-islands,cagdianao,0,0,0,0,0,0
dinagat-islands,dinagat,0,0,0,0,0,0
dinagat-islands,libjo,0,0,0,0,0,0
dinagat-islands,loreto-1,0,0,0,0,0,0
dinagat-islands,san-jose-3,0,0,0,0,0,0
dinagat-islands,tubajon,0,0,0,0,0,0
eastern-samar,arteche,0,0,0,0,0,0
eastern-samar,balangiga,0,0,0,0,0,0
eastern-samar,balangkayan,0,0,0,0,0,0
eastern-samar,borongan,0,0,0,0,0,0
eastern-samar,can-avid,0,0,0,0,0,0
eastern-samar,dolores-1,1,0,0,0,0,0
eastern-samar,general-macarthur,0,0,0,0,0,0
eastern-samar,giporlos,0,0,0,0,0,0
eastern-samar,guiuan,0,0,0,0,0,0
eastern-samar,hernani,0,0,0,0,0,0
eastern-samar,jipapad,0,0,0,0,0,0
eastern-samar,lawaan,0,0,0,0,0,0
eastern-samar,llorente,0,0,0,0,0,0
eastern-samar,maslog,0,0,0,0,0,0
eastern-samar,maydolong,0,0,0,0,0,0
eastern-samar,mercedes-1,0,0,0,0,0,0
eastern-samar,oras,1,0,0,0,0,0
eastern-samar,quinapondan,0,0,0,0,0,0
eastern-samar,salcedo,0,0,0,0,0,0
eastern-samar,san-julian,1,0,0,0,0,0
eastern-samar,san-policarpo,0,0,0,0,0,0
eastern-samar,sulat,0,0,0,1,0,0
eastern-samar,taft,0,0,0,0,0,0
guimaras,buenavista-2,0,0,0,0,0,0
guimaras,jordan,0,0,0,0,0,0
guimaras,nueva-valencia,1,0,0,0,0,0
guimaras,san-lorenzo,0,0,0,0,0,0
guimaras,sibunag,0,0,0,0,0,0
ifugao,aguinaldo,0,0,0,0,0,0
ifugao,alfonso-lista,0,0,0,0,0,0
ifugao,asipulo,0,0,0,0,0,0
ifugao,banaue,0,0,0,0,0,0
ifugao,hingyon,0,0,0,0,0,0
ifugao,hungduan,0,0,0,0,0,0
ifugao,kiangan,0,0,0,0,0,0
ifugao,lagawe,0,0,0,0,0,0
ifugao,lamut,0,0,0,0,0,0
ifugao,mayoyao,0,0,0,0,0,0
ifugao,tinoc,0,0,0,0,0,0
ilocos-norte,adams,0,0,0,0,0,0
ilocos-norte,bacarra,1,0,0,0,0,0
ilocos-norte,badoc,0,0,0,0,0,0
ilocos-norte,bangui,1,0,0,0,0,0
ilocos-norte,banna,0,0,0,0,0,0
ilocos-norte,batac,0,0,0,0,0,0
ilocos-norte,burgos,0,0,0,0,0,0
ilocos-norte,carasi,0,0,0,0,0,0
ilocos-norte,currimao,0,0,1,0,0,0
ilocos-norte,dingras,0,0,0,0,0,0
ilocos-norte,dumalneg,0,0,0,0,0,0
ilocos-norte,laoag,14,0,2,0,0,0
ilocos-norte,marcos,0,0,0,0,0,0
ilocos-norte,nueva-era,0,0,0,0,0,0
ilocos-norte,pagudpud,2,0,0,0,0,0
ilocos-norte,paoay,0,0,0,0,0,0
ilocos-norte,pasuquin,1,0,0,0,0,0
ilocos-norte,piddig,0,0,0,0,0,0
ilocos-norte,pinili,0,0,0,0,0,0
ilocos-norte,san-nicolas-1,0,0,0,0,0,0
ilocos-norte,sarrat,0,0,0,0,0,0
ilocos-norte,solsona,0,0,0,0,0,0
ilocos-norte,vintar,0,0,0,0,0,0
ilocos-sur,alilem,0,0,0,0,0,0
ilocos-sur,banayoyo,0,0,0,0,0,0
ilocos-sur,bantay,1,0,0,0,0,0
ilocos-sur,burgos-1,0,0,0,0,0,0
ilocos-sur,cabugao,0,0,0,0,0,0
ilocos-sur,candon,0,0,0,0,0,0
ilocos-sur,caoayan,0,0,0,0,0,0
ilocos-sur,cervantes,0,0,0,0,0,0
ilocos-sur,galimuyod,0,0,0,0,0,0
ilocos-sur,gregorio-del-pilar,0,0,0,0,0,0
ilocos-sur,lidlidda,0,0,0,0,0,0
ilocos-sur,magsingal,0,0,0,0,0,0
ilocos-sur,nagbukel,0,0,0,0,0,0
ilocos-sur,narvacan,0,0,0,0,0,0
ilocos-sur,quirino-1,0,0,0,0,0,0
ilocos-sur,salcedo-1,0,0,0,0,0,0
ilocos-sur,san-emilio,0,0,0,0,0,0
ilocos-sur,san-esteban,2,0,0,0,0,0
ilocos-sur,san-ildefonso-1,0,0,0,0,0,0
ilocos-sur,san-juan-3,0,0,0,0,0,0
ilocos-sur,san-vicente-1,0,0,2,0,0,0
ilocos-sur,santa,0,0,0,0,0,0
ilocos-sur,santa-catalina,0,0,0,0,0,0
ilocos-sur,santa-cruz-1,0,0,0,0,0,0
ilocos-sur,santa-lucia,0,0,0,0,0,0
ilocos-sur,santa-maria-2,3,0,0,0,0,0
ilocos-sur,santiago-1,2,0,0,0,0,0
ilocos-sur,santo-domingo-1,1,0,0,0,0,0
ilocos-sur,sigay,0,0,0,0,0,0
ilocos-sur,sinait,0,0,0,0,0,0
ilocos-sur,sugpon,0,0,0,0,0,0
ilocos-sur,suyo,0,0,0,0,0,0
ilocos-sur,tagudin,2,0,0,0,0,0
ilocos-sur,vigan,2,0,0,0,1,0
iloilo,ajuy,0,0,0,0,0,0
iloilo,alimodian,0,0,0,0,0,0
iloilo,anilao,0,0,0,0,0,0
iloilo,badangan,0,0,0,0,0,0
iloilo,balasan,0,0,0,0,0,0
iloilo,banate,0,0,0,0,0,0
iloilo,barotac-nuevo,0,0,0,0,0,0
iloilo,barotac-viejo,0,0,0,0,0,0
iloilo,batad,0,0,0,0,0,0
iloilo,bingawan,0,0,0,0,0,0
iloilo,cabatuan,0,0,0,0,0,0
iloilo,calinog,0,0,0,0,0,0
iloilo,carles,0,0,0,0,0,0
iloilo,concepcion,0,0,0,0,0,0
iloilo,dingle,0,0,0,0,0,0
iloilo,duenas,0,0,0,0,0,0
iloilo,dumangas,0,0,0,0,0,0
iloilo,estancia,0,0,0,0,0,0
iloilo,guimbal,5,1,0,0,0,0
iloilo,igbaras,0,0,0,0,0,0
iloilo,iloilo-1,78,2,5,1,102,9
iloilo,janiuay,0,0,0,0,0,0
iloilo,jaro,0,0,0,0,0,0
iloilo,lambunao,0,0,0,0,0,0
iloilo,leganes,3,0,0,0,0,0
iloilo,lemery-1,0,0,0,0,0,0
iloilo,leon,0,0,0,0,0,0
iloilo,maasin,0,0,0,0,0,0
iloilo,mandurriao,0,0,0,0,0,0
iloilo,miagao,0,0,0,0,0,0
iloilo,mina,0,0,0,0,0,0
iloilo,new-lucena,0,0,0,0,0,0
iloilo,oton,80,0,0,0,1,0
iloilo,passi,0,0,0,0,0,0
iloilo,pavia,41,2,0,0,0,0
iloilo,pototan,0,0,0,0,0,0
iloilo,san-dionisio,0,0,0,0,0,0
iloilo,san-enrique,0,0,0,0,0,0
iloilo,san-joaquin,0,0,0,0,0,0
iloilo,san-miguel-3,4,0,0,0,0,0
iloilo,san-rafael-1,0,0,0,0,0,0
iloilo,santa-barbara,2,0,0,0,0,0
iloilo,sara,0,0,0,0,0,0
iloilo,tigbauan,0,0,1,0,0,0
iloilo,tubungan,0,0,0,0,0,0
iloilo,zarraga,0,0,0,0,0,0
isabela,alicia-1,0,1,0,0,0,0
isabela,angadanan,0,0,0,0,0,0
isabela,aurora-1,2,0,0,0,0,0
isabela,benito-soliven,0,0,0,0,0,0
isabela,burgos-2,0,0,0,0,0,0
isabela,cabagan,0,0,0,0,0,0
isabela,cabatuan-1,0,0,0,0,0,0
isabela,cauayan,12,0,1,0,0,0
isabela,cordon,0,0,0,0,0,0
isabela,delfin-albano,0,0,0,0,0,0
isabela,dinapigue,0,0,0,0,0,0
isabela,divilacan,0,0,0,0,0,0
isabela,echague,0,0,0,0,0,0
isabela,gamu,7,0,0,0,0,0
isabela,ilagan,0,0,0,0,0,0
isabela,jones,0,0,0,0,0,0
isabela,luna-1,0,0,0,0,0,0
isabela,maconacon,0,0,0,0,0,0
isabela,mallig,0,0,0,0,0,0
isabela,naguilian,0,0,0,0,0,0
isabela,quezon-2,0,0,0,0,0,0
isabela,quirino-2,0,0,0,0,0,0
isabela,ramon,1,0,0,0,0,0
isabela,reina-mercedes,0,0,0,0,0,0
isabela,roxas-1,1,0,0,0,0,0
isabela,san-agustin,0,0,0,0,0,0
isabela,san-guillermo,0,0,0,0,0,0
isabela,san-isidro-4,1,0,0,0,2,0
isabela,san-manuel,0,0,0,0,0,0
isabela,san-mariano,0,0,0,0,0,0
isabela,san-mateo,0,0,0,0,0,0
isabela,san-pablo,0,0,0,0,0,0
isabela,santa-maria-3,0,0,0,0,0,0
isabela,santiago-2,13,0,0,0,0,0
isabela,santo-tomas-2,0,0,0,0,0,0
isabela,tumauini,0,0,0,0,0,0
kalinga,balbalan,0,0,0,0,0,0
kalinga,pasil,0,0,0,0,0,0
kalinga,pinukpuk,0,0,0,0,0,0
kalinga,rizal-2,0,0,0,0,0,0
kalinga,tabuk,0,0,0,0,0,0
kalinga,tanudan,0,0,0,0,0,0
kalinga,tinglayan,0,0,0,0,0,0
la-union,agoo,0,0,0,0,0,0
la-union,aringay,0,0,0,0,0,0
la-union,bacnotan,5,0,0,1,0,0
la-union,bagulin,0,0,0,0,0,0
la-union,balaoan,0,0,0,0,0,0
la-union,bangar-1,0,0,0,0,0,0
la-union,bauang,3,1,0,0,0,0
la-union,burgos-3,0,0,0,0,0,0
la-union,caba,2,0,0,0,0,0
la-union,luna-2,1,0,0,0,0,0
la-union,naguilian-1,1,0,0,0,0,0
la-union,pugo,1,0,0,0,0,0
la-union,rosario-3,0,0,0,0,0,0
la-union,san-fernando-3,34,0,1,0,0,0
la-union,san-gabriel,0,0,0,0,0,0
la-union,san-juan-4,5,0,1,0,1,0
la-union,santo-tomas-3,0,0,0,0,0,0
la-union,santol,0,0,0,0,0,0
la-union,sudipen,0,0,0,0,0,0
la-union,tubao,0,0,0,0,0,0
laguna,alaminos,61,0,0,0,0,0
laguna,bay,30,0,0,0,1,0
laguna,binan,311,21,1,2,67,2
laguna,cabuyao,130,4,3,2,0,0
laguna,calamba,838,30,5,11,30,37
laguna,calauan,3,0,0,1,0,0
laguna,cavinti,2,0,0,0,0,0
laguna,famy,0,0,0,0,0,0
laguna,kalayaan,0,0,0,0,0,0
laguna,liliw,2,0,0,0,0,0
laguna,los-banos,25,1,2,1,0,0
laguna,luisiana,0,0,0,0,0,0
laguna,lumban,8,0,0,0,0,0
laguna,mabitac,2,0,0,0,0,0
laguna,magdalena,0,0,0,0,0,0
laguna,majayjay,3,0,0,0,0,0
laguna,nagcarlan,1,0,0,0,0,0
laguna,paete,0,0,0,0,0,0
laguna,pagsanjan,14,0,0,0,0,0
laguna,pakil,0,0,0,0,0,0
laguna,pangil,1,0,0,0,0,0
laguna,pila,18,0,0,0,0,0
laguna,rizal-3,6,0,0,0,0,0
laguna,san-pablo-1,188,1,1,0,0,0
laguna,san-pedro,122,2,2,3,0,0
laguna,santa-cruz-2,35,1,1,0,0,0
laguna,santa-maria-4,1,0,0,0,0,0
laguna,santa-rosa,437,60,2,15,103,42
laguna,siniloan,0,0,0,0,0,0
laguna,victoria,1,0,0,0,0,0
lanao-del-norte,bacolod,0,0,0,0,0,0
lanao-del-norte,baloi,0,0,0,0,0,0
lanao-del-norte,baroy,0,0,0,0,0,0
lanao-del-norte,iligan,4,1,1,4,0,0
lanao-del-norte,kapatagan,0,0,0,0,0,0
lanao-del-norte,kauswagen,0,0,0,0,0,0
lanao-del-norte,kolambugan,0,0,0,0,0,0
lanao-del-norte,lala,0,0,0,0,0,0
lanao-del-norte,linamon,0,0,0,0,0,0
lanao-del-norte,magsaysay-1,0,0,0,0,0,0
lanao-del-norte,maigo,0,0,0,0,0,0
lanao-del-norte,matungao,0,0,0,0,0,0
lanao-del-norte,munai,0,0,0,0,0,0
lanao-del-norte,nunungan,0,0,0,0,0,0
lanao-del-norte,pantao-ragat,0,0,0,0,0,0
lanao-del-norte,pantar,0,0,0,0,0,0
lanao-del-norte,poona-piagapo,0,0,0,0,0,0
lanao-del-norte,salvador,0,0,0,0,0,0
lanao-del-norte,sapad,0,0,0,0,0,0
lanao-del-norte,sultan-naga-dimaporo,0,0,0,0,0,0
lanao-del-norte,tagoloan,0,0,0,0,0,0
lanao-del-norte,tangcal,0,0,0,0,0,0
lanao-del-norte,tubod,0,0,0,0,0,0
lanao-del-sur,bacolod-kalawi,0,0,0,0,0,0
lanao-del-sur,balindong,0,0,0,0,0,0
lanao-del-sur,bayang,0,0,0,0,0,0
lanao-del-sur,binidayan,0,0,0,0,0,0
lanao-del-sur,buadiposo-buntong,0,0,0,0,0,0
lanao-del-sur,bubong,0,0,0,0,0,0
lanao-del-sur,bumbaran,0,0,0,0,0,0
lanao-del-sur,butig,0,0,0,0,0,0
lanao-del-sur,calanogas,0,0,0,0,0,0
lanao-del-sur,ditsaan-ramain,0,0,0,0,0,0
lanao-del-sur,ganassi,0,0,0,0,0,0
lanao-del-sur,kapai,0,0,0,0,0,0
lanao-del-sur,lumba-bayabao,0,0,0,0,0,0
lanao-del-sur,lumbaca-unayan,0,0,0,0,0,0
lanao-del-sur,lumbatan,0,0,0,0,0,0
lanao-del-sur,lumbayanague,0,0,0,0,0,0
lanao-del-sur,madalum,0,0,0,0,0,0
lanao-del-sur,madamba,0,0,0,0,0,0
lanao-del-sur,maguing,0,0,0,0,0,0
lanao-del-sur,malabang,0,0,0,0,0,0
lanao-del-sur,marantao,0,0,0,0,0,0
lanao-del-sur,marawi,0,0,0,0,0,0
lanao-del-sur,masiu,0,0,0,0,0,0
lanao-del-sur,mulondo,0,0,0,0,0,0
lanao-del-sur,pagayawan,0,0,0,0,0,0
lanao-del-sur,piagapo,0,0,0,0,0,0
lanao-del-sur,picong,0,0,0,0,0,0
lanao-del-sur,poona-bayabao,0,0,0,0,0,0
lanao-del-sur,pualas,0,0,0,0,0,0
lanao-del-sur,saguiaran,0,0,0,0,0,0
lanao-del-sur,sultan-dumalondong,0,0,0,0,0,0
lanao-del-sur,tagoloan-ii,0,0,0,0,0,0
lanao-del-sur,tamparan,0,0,0,0,0,0
lanao-del-sur,taraka,0,0,0,0,0,0
lanao-del-sur,tubaran,0,0,0,0,0,0
lanao-del-sur,tugaya,0,0,0,0,0,0
lanao-del-sur,wao,0,0,0,0,0,0
leyte,abuyog,0,0,0,0,0,0
leyte,alangalang,0,0,0,0,0,0
leyte,albuera,1,0,0,0,0,0
leyte,babatngon,0,0,0,0,0,0
leyte,barugo,0,0,0,0,0,0
leyte,bato-2,0,0,0,0,0,0
leyte,baybay,1,0,0,0,0,0
leyte,burauen,0,0,0,0,0,0
leyte,calubian,0,0,0,0,0,0
leyte,capoocan,0,0,0,0,0,0
leyte,carigara,0,0,0,0,0,0
leyte,dagami,0,0,0,0,0,0
leyte,dulag,0,0,0,0,0,0
leyte,hilongos,0,0,0,0,0,0
leyte,hindang,0,0,0,0,0,0
leyte,inopacan,0,0,0,0,0,0
leyte,isabel,0,0,0,0,0,0
leyte,jaro-1,0,0,0,0,0,0
leyte,javier,0,0,0,0,0,0
leyte,julita,0,0,0,0,0,0
leyte,kananga,0,0,0,0,0,0
leyte,la-paz-2,0,0,0,0,0,0
leyte,leyte-1,0,0,0,0,0,0
leyte,macarthur,0,0,0,0,0,0
leyte,mahaplag,0,0,0,0,0,0
leyte,matag-ob,0,0,0,0,0,0
leyte,matalom,1,0,0,0,0,0
leyte,mayoraga,0,0,0,0,0,0
leyte,merida,0,0,0,0,0,0
leyte,ormoc,32,0,0,2,0,0
leyte,palo,1,1,0,1,0,0
leyte,palompon,0,0,0,0,0,0
leyte,pastrana,0,0,0,0,0,0
leyte,san-isidro-5,0,0,0,0,0,0
leyte,san-miguel-4,0,0,0,0,0,0
leyte,santa-fe-1,0,0,0,0,0,0
leyte,tabango,0,0,0,0,0,0
leyte,tabontabon,0,0,0,0,0,0
leyte,tacloban,11,1,1,1,0,0
leyte,tanuan,0,0,0,0,0,0
leyte,tolosa,0,0,0,0,0,0
leyte,tunga,0,0,0,0,0,0
leyte,villaba,0,0,0,0,0,0
marinduque,boac,1,0,0,0,0,0
marinduque,buenavista-3,0,0,0,0,0,0
marinduque,gasan,3,0,0,0,0,0
marinduque,mogpog,0,0,0,0,0,0
marinduque,santa-cruz-3,4,0,0,0,0,0
marinduque,torrijos,1,0,0,0,0,0
metro-manila,caloocan,408,10,13,22,43,4
metro-manila,las-pinas,17560,111,40,45,441,114
metro-manila,makati,1465,1547,86,167,6049,6420
metro-manila,malabon,33,0,0,3,0,2
metro-manila,mandaluyong,365,28,11,43,2501,1257
metro-manila,manila,465,19,48,68,1527,699
metro-manila,marikina,518,10,7,0,53,28
metro-manila,muntinlupa,3431,380,10,22,808,372
metro-manila,navotas,3,0,0,0,0,0
metro-manila,paranaque,9101,342,31,55,1076,561
metro-manila,pasay,29,17,22,51,1165,649
metro-manila,pasig,2168,242,18,49,3247,1508
metro-manila,pateros,0,0,2,2,1,0
metro-manila,quezon-city,16711,470,59,150,3618,1408
metro-manila,san-juan-5,823,67,4,10,731,166
metro-manila,taguig,611,170,21,47,6590,5600
metro-manila,valenzuela,86,0,12,20,42,15
misamis-occidental,aloran,0,0,0,0,0,0
misamis-occidental,baliangao,0,0,0,0,0,0
misamis-occidental,bonifacio,0,0,0,0,0,0
misamis-occidental,calamba-1,0,0,0,0,0,0
misamis-occidental,clarin-1,0,0,1,0,0,0
misamis-occidental,concepcion-1,0,0,0,0,0,0
misamis-occidental,don-victoriano-chiongbian,0,0,0,0,0,0
misamis-occidental,jimenez,1,0,0,0,0,0
misamis-occidental,lopez-jaena,0,0,0,0,0,0
misamis-occidental,oroquieta,0,0,0,0,0,0
misamis-occidental,ozamiz,18,0,1,0,1,1
misamis-occidental,panaon,0,0,0,0,0,0
misamis-occidental,plaridel-1,0,0,0,0,0,0
misamis-occidental,sapang-dalaga,1,0,0,0,0,0
misamis-occidental,sinacaban,0,0,0,0,0,0
misamis-occidental,tangub,0,0,0,0,0,0
misamis-occidental,tudela-1,0,0,0,0,0,0
misamis-oriental,alubijid,0,0,0,0,0,0
misamis-oriental,balingasag,1,1,0,0,0,0
misamis-oriental,balingoan,0,0,0,0,0,0
misamis-oriental,binuangan,0,0,0,0,0,0
misamis-oriental,cagayan-de-oro,144,72,2,20,68,26
misamis-oriental,claveria-2,0,0,0,0,0,0
misamis-oriental,el-salvador,4,0,0,1,0,0
misamis-oriental,gingoog,2,0,0,0,0,0
misamis-oriental,gitagum,0,0,0,0,0,0
misamis-oriental,initao,0,0,0,0,0,0
misamis-oriental,jasaan,0,0,0,0,0,0
misamis-oriental,kinaguitan,1,0,0,0,0,0
misamis-oriental,lagonglong,0,0,0,0,0,0
misamis-oriental,laguindingan,2,1,0,1,0,0
misamis-oriental,libertad-1,0,0,0,0,0,0
misamis-oriental,lugait,0,0,0,0,0,0
misamis-oriental,magsaysay-2,0,0,0,0,0,0
misamis-oriental,manticao,0,0,0,0,0,0
misamis-oriental,medina,0,0,0,0,0,0
misamis-oriental,naawan,0,0,0,0,0,0
misamis-oriental,opol,2,0,0,0,0,0
misamis-oriental,salay,0,0,0,0,0,0
misamis-oriental,sugbongcogon,0,0,0,0,0,0
misamis-oriental,tagaloan,0,0,0,0,0,0
misamis-oriental,talisayan,0,0,0,0,0,0
misamis-oriental,villanueva,0,0,0,0,0,0
mountain-province,barlig,0,0,0,0,0,0
mountain-province,bauko,0,0,0,0,0,0
mountain-province,besao,0,0,0,0,0,0
mountain-province,bontoc,0,0,0,0,0,0
mountain-province,natonin,0,0,0,0,0,0
mountain-province,paracelis,0,0,0,0,0,0
mountain-province,sabangan,0,0,0,0,0,0
mountain-province,sadanga,0,0,0,0,0,0
mountain-province,sagada,0,0,0,0,0,0
mountain-province,tadian,0,0,0,0,0,0
negros-occidental,bacolod-1,110,9,2,14,109,12
negros-occidental,bago,3,0,0,0,0,0
negros-occidental,binalbagan,0,0,0,0,0,0
negros-occidental,cadiz,0,0,0,0,0,0
negros-occidental,calatrava,1,0,0,0,0,0
negros-occidental,candoni,0,0,0,0,0,0
negros-occidental,cauayan-1,0,0,0,0,0,0
negros-occidental,enrique-b-magalona,0,0,0,0,0,0
negros-occidental,escalante,0,0,0,0,0,0
negros-occidental,himamaylan,1,0,0,0,0,0
negros-occidental,hinigaran,0,0,0,0,0,0
negros-occidental,hinoba-an,0,0,0,0,0,0
negros-occidental,ilog,0,0,0,0,0,0
negros-occidental,isabela-2,0,0,0,0,0,0
negros-occidental,kabankalan,3,0,0,0,0,0
negros-occidental,la-carlota,1,0,0,0,0,0
negros-occidental,la-castellana,0,0,0,0,0,0
negros-occidental,manapla,0,0,0,0,0,0
negros-occidental,moises-padilla,0,0,0,0,0,0
negros-occidental,murcia,3,0,0,0,0,0
negros-occidental,pontevedra-1,0,0,0,0,0,0
negros-occidental,pulupandan,0,0,0,0,0,0
negros-occidental,sagay-1,0,0,0,0,0,0
negros-occidental,salvador-benedicto,1,0,0,0,0,0
negros-occidental,san-carlos,1,0,0,0,0,0
negros-occidental,san-enrique-1,1,0,0,0,0,0
negros-occidental,silay,10,0,0,0,0,0
negros-occidental,sipalay,0,0,0,0,0,0
negros-occidental,talisay-3,25,2,1,0,0,0
negros-occidental,toboso,0,0,0,0,0,0
negros-occidental,valladolid,0,0,0,0,0,0
negros-occidental,victorias,3,0,0,0,0,0
negros-oriental,amlan,1,0,0,0,0,0
negros-oriental,ayungon,0,0,0,0,0,0
negros-oriental,bacong,6,0,0,1,0,0
negros-oriental,bais,1,0,0,0,0,0
negros-oriental,basay,0,0,0,0,0,0
negros-oriental,bayawan,1,3,0,0,0,0
negros-oriental,bindoy,0,0,0,0,0,0
negros-oriental,canlaon,0,0,0,0,0,0
negros-oriental,dauin,8,0,1,0,2,0
negros-oriental,dumaguete,39,6,5,12,7,5
negros-oriental,guihulngan,1,0,0,0,0,0
negros-oriental,jimulalud,0,0,0,0,0,0
negros-oriental,la-libertad,0,0,0,0,0,0
negros-oriental,mabinay,0,0,0,0,0,0
negros-oriental,majuyod,0,0,0,0,0,0
negros-oriental,pamplona-2,0,0,0,0,0,0
negros-oriental,san-jose-4,1,0,0,0,0,0
negros-oriental,santa-catalina-1,0,0,0,0,0,0
negros-oriental,siaton,1,0,0,0,0,0
negros-oriental,sibulan,9,3,0,0,0,0
negros-oriental,tanjay,0,0,0,0,0,0
negros-oriental,tayasan,0,0,0,0,0,0
negros-oriental,valencia-1,16,0,0,2,0,0
negros-oriental,vallehermoso,0,0,0,0,0,0
negros-oriental,zamboanguita,0,0,0,1,0,0
northern-samar,allen,0,0,0,0,0,0
northern-samar,biri,0,0,0,0,0,0
northern-samar,bobon,4,0,0,0,0,0
northern-samar,capul,0,0,0,0,0,0
northern-samar,catarman-1,0,0,0,0,0,0
northern-samar,catubig,0,0,0,0,0,0
northern-samar,gamay,0,0,0,0,0,0
northern-samar,laoang,2,0,0,0,0,0
northern-samar,lapinig,0,0,0,0,0,0
northern-samar,las-navas,0,0,0,0,0,0
northern-samar,lavezares,0,0,0,0,0,0
northern-samar,lope-de-vega,0,0,0,0,0,0
northern-samar,mapanas,0,0,0,0,0,0
northern-samar,mondragon,0,0,0,0,0,0
northern-samar,palapag,0,0,0,0,0,0
northern-samar,pambujan,0,0,0,0,0,0
northern-samar,rosario-4,0,0,0,0,0,0
northern-samar,san-antonio,0,0,0,0,0,0
northern-samar,san-isidro-6,0,0,0,0,0,0
northern-samar,san-jose-5,0,0,0,0,0,0
northern-samar,san-roque,0,0,0,0,0,0
northern-samar,san-vicente-2,0,0,0,0,0,0
northern-samar,silvino-lobos,0,0,0,0,0,0
northern-samar,victoria-1,0,0,0,0,0,0
nueva-ecija,aliaga,0,0,0,0,0,0
nueva-ecija,bongabon,0,1,0,0,0,0
nueva-ecija,cabanatuan,85,1,1,0,0,0
nueva-ecija,cabiao,0,0,0,0,0,0
nueva-ecija,carranglan,0,0,0,0,0,0
nueva-ecija,cuyapo,0,0,0,0,0,0
nueva-ecija,gabaldon,0,0,0,0,0,0
nueva-ecija,gapan,17,0,1,0,0,0
nueva-ecija,general-mamerto-natividad,1,0,0,0,0,0
nueva-ecija,general-tinio,2,0,0,0,0,0
nueva-ecija,guimba,0,0,0,0,0,0
nueva-ecija,jaen,2,0,0,0,0,0
nueva-ecija,laur,0,0,0,0,0,0
nueva-ecija,licab,0,0,0,0,0,0
nueva-ecija,llanera,0,0,0,0,0,0
nueva-ecija,lupao,0,0,0,0,0,0
nueva-ecija,munoz,0,0,0,0,0,0
nueva-ecija,nampicuan,0,0,0,0,0,0
nueva-ecija,palayan,2,0,0,0,0,0
nueva-ecija,pantabangan,0,0,0,0,0,0
nueva-ecija,penaranda,0,1,0,0,0,0
nueva-ecija,quezon-3,0,0,0,0,0,0
nueva-ecija,rizal-4,0,0,0,0,0,0
nueva-ecija,san-antonio-1,3,0,0,0,0,0
nueva-ecija,san-isidro-7,0,0,0,0,0,0
nueva-ecija,san-jose-6,5,0,0,0,0,0
nueva-ecija,san-leonardo,6,0,0,0,0,0
nueva-ecija,santa-rosa-1,4,0,0,0,1,0
nueva-ecija,santo-domingo-2,0,0,0,0,0,0
nueva-ecija,talavera,1,0,0,0,0,0
nueva-ecija,talugtug,1,0,0,0,0,0
nueva-ecija,zaragoza,1,0,0,0,0,0
nueva-vizcaya,alfonso-castaneda,0,0,0,0,0,0
nueva-vizcaya,ambaguio,0,0,0,0,0,0
nueva-vizcaya,aritao,0,0,0,0,0,0
nueva-vizcaya,bagabag,0,0,0,0,0,0
nueva-vizcaya,bambang,0,0,0,0,0,0
nueva-vizcaya,bayonbong,3,0,0,0,0,0
nueva-vizcaya,diadi,0,0,0,0,0,0
nueva-vizcaya,dupax-del-norte,0,0,0,0,0,0
nueva-vizcaya,dupax-del-sur,0,0,0,0,0,0
nueva-vizcaya,kasibu,0,0,0,0,0,0
nueva-vizcaya,kayapa,0,0,0,0,0,0
nueva-vizcaya,quezon-4,0,0,0,0,0,0
nueva-vizcaya,santa-fe-2,0,0,0,0,0,0
nueva-vizcaya,solano,2,0,0,0,0,0
nueva-vizcaya,villaverde,0,0,0,0,0,0
occidental-mindoro,abra-de-ilog,0,0,0,0,0,0
occidental-mindoro,calintaan,0,0,0,0,0,0
occidental-mindoro,looc,0,0,0,0,0,0
occidental-mindoro,lubang,0,0,0,0,0,0
occidental-mindoro,magsaysay-3,0,0,0,0,0,0
occidental-mindoro,mamburao,1,0,0,0,0,0
occidental-mindoro,paluan,0,0,0,0,0,0
occidental-mindoro,rizal-5,0,0,0,0,0,0
occidental-mindoro,sablayan,0,0,0,0,0,0
occidental-mindoro,san-jose-7,0,0,0,0,0,0
occidental-mindoro,santa-cruz-4,0,0,0,0,0,0
oriental-mindoro,baco,0,0,0,0,0,0
oriental-mindoro,bansud,1,0,0,0,0,0
oriental-mindoro,bongabong,0,0,0,0,0,0
oriental-mindoro,bulalacao,0,0,0,0,0,0
oriental-mindoro,calapan,1,0,0,0,0,0
oriental-mindoro,gloria,2,0,0,0,0,0
oriental-mindoro,mansalay,2,0,0,0,0,0
oriental-mindoro,naujan,0,0,0,0,0,0
oriental-mindoro,pinamalayan,0,0,0,0,0,0
oriental-mindoro,pola,0,0,0,0,0,0
oriental-mindoro,puerto-galera,11,0,0,0,0,0
oriental-mindoro,roxas-2,0,0,0,0,0,0
oriental-mindoro,san-teodoro,0,0,0,0,0,0
oriental-mindoro,socorro,0,0,0,0,0,0
oriental-mindoro,victoria-2,0,0,0,0,0,0
palawan,aborlan,0,0,0,0,0,0
palawan,araceli,0,0,0,0,0,0
palawan,busuanga,3,1,0,0,0,0
palawan,coron,2,0,0,0,0,0
palawan,culion,0,0,0,0,0,0
palawan,dumaran,0,0,0,0,0,0
palawan,el-nido,6,0,0,0,0,0
palawan,kalayaan-1,0,0,0,0,0,0
palawan,linapacan,0,0,0,0,0,0
palawan,narra,0,0,0,0,0,0
palawan,puerto-princesa,125,20,7,10,103,5
palawan,roxas-3,0,0,0,0,0,0
palawan,san-vicente-3,4,0,0,0,0,0
palawan,sofronio-espanola,0,0,0,0,0,0
palawan,taytay,0,0,0,0,0,0
pampanga,angeles,1969,1555,83,161,157,129
pampanga,apalit,12,0,0,0,0,0
pampanga,arayat,7,0,0,0,0,0
pampanga,bacolor,185,8,4,0,0,0
pampanga,candaba,2,0,0,0,1,0
pampanga,san-fernando-34,608,100,10,11,90,11
pampanga,floridablanca,5,1,0,0,0,0
pampanga,guagua,1,0,0,0,0,0
pampanga,lubao,6,0,1,0,0,0
pampanga,mabalacat,260,54,18,21,92,121
pampanga,macabebe,0,0,0,0,0,0
pampanga,magalang,115,12,1,2,0,0
pampanga,masantol,1,0,0,0,0,0
pampanga,mexico,160,4,0,1,0,0
pampanga,minalin,2,0,0,0,0,0
pampanga,porac,138,2,6,0,0,0
pampanga,san-luis-3,0,0,0,0,0,0
pampanga,san-simon,2,0,0,0,0,0
pampanga,santa-ana-1,9,0,0,0,0,0
pampanga,santa-rita,3,0,0,0,0,0
pampanga,santo-tomas-4,5,0,0,0,0,0
pampanga,sasmuan,0,0,0,0,0,0
pangasinan,agno,0,0,0,0,0,0
pangasinan,aguilar,0,0,0,0,0,0
pangasinan,alaminos-1,6,0,1,0,0,0
pangasinan,alcala-1,1,0,0,0,0,0
pangasinan,anda-1,1,0,0,0,0,0
pangasinan,asingan,3,0,0,0,0,0
pangasinan,balungao,0,0,0,0,0,0
pangasinan,bani,0,0,0,0,0,0
pangasinan,basista,1,0,0,0,0,0
pangasinan,bautista,0,0,0,0,0,0
pangasinan,bayambang,0,0,0,0,0,0
pangasinan,binalonan,3,0,0,0,0,0
pangasinan,binmaley,1,0,0,0,0,0
pangasinan,bolinao,4,0,0,1,0,0
pangasinan,bugallon,0,0,0,0,0,0
pangasinan,burgos-4,0,0,0,0,0,0
pangasinan,calasiao,0,0,0,0,0,0
pangasinan,dagupan,7,1,1,0,27,0
pangasinan,dasol,3,0,0,0,0,0
pangasinan,infanta,0,0,0,0,0,0
pangasinan,labrador,0,0,0,0,0,0
pangasinan,laoac,2,0,0,0,0,0
pangasinan,lingayen,0,0,1,0,0,0
pangasinan,mabini-3,0,0,0,0,0,0
pangasinan,malasiqui,3,0,0,0,0,0
pangasinan,manaoag,1,0,1,1,0,0
pangasinan,mangaldan,2,0,0,0,0,0
pangasinan,mangatarem,1,0,0,0,0,0
pangasinan,mapandan,0,0,0,0,0,0
pangasinan,natividad,0,0,0,0,0,0
pangasinan,pozorrubio,1,0,0,0,0,0
pangasinan,rosales,1,0,0,0,0,0
pangasinan,san-carlos-1,4,0,0,0,0,0
pangasinan,san-fabian,0,0,0,0,0,0
pangasinan,san-jacinto-1,2,0,0,0,0,0
pangasinan,san-manuel-1,0,0,0,0,0,0
pangasinan,san-nicolas-2,0,0,0,0,0,0
pangasinan,san-quintin-1,0,0,0,0,0,0
pangasinan,santa-barbara-1,19,0,0,0,0,0
pangasinan,santa-maria-5,1,0,0,0,0,0
pangasinan,santo-tomas-5,0,0,0,0,0,0
pangasinan,sison,0,0,0,0,0,0
pangasinan,sual,1,0,0,0,0,0
pangasinan,tayug,0,0,0,0,0,0
pangasinan,umingan,3,0,0,0,0,0
pangasinan,urbiztondo,0,0,0,0,0,0
pangasinan,urdaneta,16,1,1,2,3,0
pangasinan,villasis,1,0,0,0,0,0
quezon,agdangan,0,0,0,0,0,0
quezon,alabat,0,0,0,0,0,0
quezon,atimonan,2,0,0,0,0,0
quezon,buenavista-4,0,0,0,0,0,0
quezon,burdeos,0,0,0,0,0,0
quezon,calauag,0,0,0,0,0,0
quezon,candelaria,106,0,0,0,0,0
quezon,catanauan,1,0,0,0,1,0
quezon,dolores-2,3,0,0,1,0,0
quezon,general-luna,0,0,0,0,0,0
quezon,general-nakar,0,0,0,0,0,0
quezon,guinayangan,0,0,0,0,0,0
quezon,gumaca,0,0,0,0,0,0
quezon,infanta-1,0,0,0,0,0,0
quezon,jomalig,0,0,0,0,0,0
quezon,lopez,1,0,0,0,0,0
quezon,lucban,0,0,1,0,0,0
quezon,lucena,71,0,2,0,0,0
quezon,macalelon,0,0,0,0,0,0
quezon,mauban,1,0,0,0,0,0
quezon,mulanay,0,0,0,0,0,0
quezon,padre-burgos,0,0,0,0,0,0
quezon,pagbilao,2,0,0,0,0,0
quezon,panukulan,0,0,0,0,0,0
quezon,patnanungan,0,0,0,0,0,0
quezon,perez,0,0,0,0,0,0
quezon,pitogo,0,0,0,0,0,0
quezon,plaridel-2,1,0,0,0,0,0
quezon,polillo,0,0,0,0,0,0
quezon,quezon-6,1,0,0,0,0,0
quezon,real,1,0,0,0,0,0
quezon,sampaloc,0,0,0,0,0,0
quezon,san-andres-1,0,0,0,0,0,0
quezon,san-antonio-2,0,0,0,0,0,0
quezon,san-fransisco,0,0,0,0,0,0
quezon,san-narciso,0,0,0,0,0,0
quezon,sariaya,33,0,0,0,0,0
quezon,tagkawayan,0,0,0,0,0,0
quezon,tayabas,100,0,0,0,1,0
quezon,tiaong,4,0,0,0,0,0
quezon,unisan,0,0,0,0,0,0
quirino,aglipay,0,0,0,0,0,0
quirino,cabarroguis,1,0,0,0,0,0
quirino,diffun,0,0,0,0,0,0
quirino,maddela,0,0,0,0,0,0
quirino,nagtipunan,0,0,0,0,0,0
quirino,saguday,0,0,0,0,0,0
rizal,angono,81,0,0,2,0,0
rizal,antipolo,2063,13,1,11,38,4
rizal,baras-1,15,0,0,0,0,0
rizal,binangonan,127,2,1,3,6,0
rizal,cainta,635,13,11,21,364,36
rizal,cardona,0,0,0,0,0,0
rizal,jalajala,2,0,0,0,0,0
rizal,morong-1,3,0,0,0,0,0
rizal,pililla,10,0,0,0,0,0
rizal,rodriguez,93,2,0,0,0,0
rizal,san-mateo-1,166,1,1,4,7,0
rizal,tanay,5,0,0,0,0,0
rizal,taytay-1,310,8,1,3,6,2
rizal,teresa,41,0,0,1,0,1
romblon,alcantara-1,0,0,0,0,0,0
romblon,banton,0,0,0,0,0,0
romblon,cajidiocan,0,0,0,0,0,0
romblon,calatrava-1,0,0,0,1,0,0
romblon,concepcion-2,0,0,0,0,0,0
romblon,corcuera,0,0,0,0,0,0
romblon,ferrol,1,0,0,0,0,0
romblon,looc-1,0,0,0,0,0,0
romblon,magdiwang,0,0,0,0,0,0
romblon,odiongan,0,0,0,0,0,0
romblon,romblon-1,3,0,0,0,0,0
romblon,san-agustin-1,0,0,0,0,0,0
romblon,san-andres-2,0,0,0,0,0,0
romblon,san-fernando-5,0,0,0,0,0,0
romblon,san-jose-8,0,0,0,0,0,0
romblon,santa-fe-3,1,0,0,0,0,0
samar,almagro,0,0,0,0,0,0
samar,basey,0,0,0,0,0,0
samar,calbayog,1,0,0,0,0,0
samar,calbiga,0,0,0,0,0,0
samar,catbalogan,0,0,0,0,0,0
samar,daram,0,0,0,0,0,0
samar,gandara,0,0,0,0,0,0
samar,hinabangan,0,0,0,0,0,0
samar,jiabong,0,0,0,0,0,0
samar,marabut,0,0,0,0,0,0
samar,matuguinao,0,0,0,0,0,0
samar,motiong,0,0,0,0,0,0
samar,pagsanghan,0,0,0,0,0,0
samar,paranas,1,0,0,0,0,0
samar,pinabacdao,0,0,0,0,0,0
samar,san-jorge,0,0,0,0,0,0
samar,san-jose-de-buan,0,0,0,0,0,0
samar,san-sebastian,0,0,0,0,0,0
samar,santa-margarita,0,0,0,0,0,0
samar,santa-rita-1,0,0,0,0,0,0
samar,santo-nino-1,0,0,0,0,0,0
samar,tagapul-an,0,0,0,0,0,0
samar,talalora,0,0,0,0,0,0
samar,tarangnan,0,0,0,0,0,0
samar,villareal,0,0,0,0,0,0
samar,zumarraga,0,0,0,0,0,0
sarangani,alabel,0,0,0,0,0,0
sarangani,general-santos-1,1,0,0,0,0,0
sarangani,glan,0,0,0,0,0,0
sarangani,kiamba,0,0,0,0,0,0
sarangani,maasim,1,0,0,0,0,0
sarangani,maitum,0,0,0,0,0,0
sarangani,malapatan,0,0,0,0,0,0
sarangani,malungon,0,0,0,0,0,0
siquijor,enrique-villanueva,1,0,0,0,0,0
siquijor,larena,3,1,0,0,0,0
siquijor,lazi,0,0,0,0,0,0
siquijor,maria,0,0,0,0,0,0
siquijor,san-juan-6,0,0,0,0,0,0
siquijor,siquijor-1,0,0,0,0,0,0
sorsogon,barcelona,0,0,0,0,0,0
sorsogon,bulan,0,0,0,0,0,0
sorsogon,bulusan,0,0,0,0,0,0
sorsogon,casiguran-1,3,0,0,0,1,0
sorsogon,castilla,0,0,0,0,0,0
sorsogon,donsol,0,0,0,0,0,0
sorsogon,gubat,1,0,0,1,0,0
sorsogon,irosin,0,0,0,0,0,0
sorsogon,juban,1,0,0,0,0,0
sorsogon,magallanes-2,0,0,0,0,0,0
sorsogon,matnog,0,0,0,0,0,0
sorsogon,pilar-5,1,0,0,0,0,0
sorsogon,prieto-diaz,0,0,0,0,0,0
sorsogon,santa-magdalena,0,0,0,0,0,0
sorsogon,sorsogon-1,16,0,0,0,0,0
south-cotabato,banga-1,1,0,0,0,0,0
south-cotabato,general-santos-city,43,13,1,1,0,0
south-cotabato,koronadal-1,15,0,0,0,0,0
south-cotabato,lake-sebu,0,0,0,0,0,0
south-cotabato,norala,0,0,0,0,0,0
south-cotabato,polomolok,5,0,0,0,0,0
south-cotabato,santo-nino-2,0,0,0,0,0,0
south-cotabato,surallah-1,0,0,0,0,0,0
south-cotabato,tampakan,0,0,0,0,0,0
south-cotabato,tantangan-1,0,0,0,0,0,0
south-cotabato,tboli,0,0,0,0,0,0
south-cotabato,tupi,0,0,0,1,0,0
southern-leyte,anahawan,0,0,0,0,0,0
southern-leyte,bontoc-1,0,0,0,0,0,0
southern-leyte,hinunangan,0,0,0,0,0,0
southern-leyte,hinundayan,0,0,0,0,0,0
southern-leyte,libagon,0,0,0,0,0,0
southern-leyte,liloan-1,0,0,0,0,0,0
southern-leyte,limasawa,0,0,0,0,0,0
southern-leyte,maasin-1,0,0,0,0,0,0
southern-leyte,macrohon,0,0,0,0,0,0
southern-leyte,malitbog-1,0,0,0,0,0,0
southern-leyte,padre-burgos-1,0,0,0,0,0,0
southern-leyte,pintuyan,0,0,0,0,0,0
southern-leyte,sagod,1,0,0,0,0,0
southern-leyte,saint-bernard,0,0,0,0,0,0
southern-leyte,san-francisco-2,0,0,0,0,0,0
southern-leyte,san-juan-7,0,0,0,0,0,0
southern-leyte,san-ricardo,0,0,0,0,0,0
southern-leyte,silago,0,0,0,0,0,0
southern-leyte,tomas-oppus,0,0,0,0,0,0
sultan-kudarat,bagumbayan,0,0,0,0,0,0
sultan-kudarat,columbio,0,0,0,0,0,0
sultan-kudarat,esperanza-1,0,0,0,0,0,0
sultan-kudarat,isulan,0,0,0,0,0,0
sultan-kudarat,kalamansig,0,0,0,0,1,0
sultan-kudarat,lambayong,0,0,0,0,0,0
sultan-kudarat,lebak,0,0,0,0,0,0
sultan-kudarat,lutayan,0,0,0,0,0,0
sultan-kudarat,palimbang,0,0,0,0,0,0
sultan-kudarat,president-quirino,0,0,0,0,0,0
sultan-kudarat,senator-ninoy-aquino,0,0,0,0,0,0
sultan-kudarat,tacurong,0,0,0,0,0,0
surigao-del-norte,alegria-1,0,0,0,0,0,0
surigao-del-norte,bacuag,0,0,0,0,0,0
surigao-del-norte,basilia,0,0,0,0,0,0
surigao-del-norte,burgos-5,1,0,0,0,0,0
surigao-del-norte,claver,0,0,0,0,0,0
surigao-del-norte,dapa,0,0,0,0,0,0
surigao-del-norte,del-carmen,1,0,0,0,0,0
surigao-del-norte,general-luna-1,7,0,0,0,0,0
surigao-del-norte,gigaquit,0,0,0,0,0,0
surigao-del-norte,mainit,0,0,0,0,0,0
surigao-del-norte,malimono,1,0,0,0,0,0
surigao-del-norte,pilar-6,0,0,0,0,0,0
surigao-del-norte,placer-1,0,0,0,0,0,0
surigao-del-norte,san-benito,0,0,0,0,0,0
surigao-del-norte,san-fransisco-1,0,0,0,0,0,0
surigao-del-norte,san-isidro-8,0,0,0,0,0,0
surigao-del-norte,santa-monica,1,0,0,0,0,0
surigao-del-norte,sison-1,0,0,0,0,0,0
surigao-del-norte,socorro-1,0,0,0,0,0,0
surigao-del-norte,surigao,5,2,0,1,0,0
surigao-del-norte,tagana-an,0,0,0,0,0,0
surigao-del-norte,tubod-1,0,0,0,0,0,0
tarlac,anao,0,0,0,0,0,0
tarlac,bamban,8,0,0,0,0,0
tarlac,camiling,0,0,0,0,0,0
tarlac,capas,53,1,0,1,1,0
tarlac,concepcion-3,35,1,0,0,0,0
tarlac,gerona,1,0,0,0,0,0
tarlac,la-paz-3,2,0,0,0,0,0
tarlac,mayantoc,0,0,0,0,0,0
tarlac,moncada,1,0,0,0,0,0
tarlac,paniqui,2,0,0,0,0,0
tarlac,pura,2,1,0,0,0,0
tarlac,ramos,0,0,0,0,0,0
tarlac,san-clemente,0,0,0,0,0,0
tarlac,san-jose-9,1,0,0,0,0,0
tarlac,san-manual,0,0,0,0,0,0
tarlac,santa-ignacia,5,0,0,0,0,0
tarlac,tarlac-1,73,6,2,0,0,0
tarlac,victoria-3,1,0,0,0,0,0
zambales,botolan,4,0,0,0,0,0
zambales,cabangan,4,1,0,1,0,0
zambales,candelaria-1,0,0,0,0,0,0
zambales,castillejos,5,1,1,0,0,0
zambales,iba,2,1,0,0,0,0
zambales,masinloc,0,0,0,0,0,0
zambales,olongapo,13,2,6,0,0,1
zambales,palauig,3,0,0,0,0,0
zambales,san-antonio-3,3,1,1,0,0,0
zambales,san-felipe,0,0,0,0,0,0
zambales,san-marcelino,1,0,0,0,0,0
zambales,san-narciso-1,5,0,0,0,0,0
zambales,santa-cruz-5,0,0,0,0,0,0
zambales,subic,26,1,0,0,2,0
zamboanga-del-norte,bacungan,0,0,0,0,0,0
zamboanga-del-norte,baliguian,0,0,0,0,0,0
zamboanga-del-norte,city-of-isabela,0,0,0,0,0,0
zamboanga-del-norte,dapitan,0,0,0,0,0,0
zamboanga-del-norte,dipolog,2,0,0,0,0,0
zamboanga-del-norte,godod,0,0,0,0,0,0
zamboanga-del-norte,jose-dalman,0,0,0,0,0,0
zamboanga-del-norte,kalawit,0,0,0,0,0,0
zamboanga-del-norte,katipunan,0,0,0,0,0,0
zamboanga-del-norte,la-libertad-1,0,0,0,0,0,0
zamboanga-del-norte,manukan,0,0,0,0,0,0
zamboanga-del-norte,mutia,0,0,0,0,0,0
zamboanga-del-norte,pinan,0,0,0,0,0,0
zamboanga-del-norte,polanco,0,0,0,0,0,0
zamboanga-del-norte,president-manuel-a-roxas,0,0,0,0,0,0
zamboanga-del-norte,rizal-7,0,0,0,0,0,0
zamboanga-del-norte,sergio-osmena-sr,0,0,0,0,0,0
zamboanga-del-norte,siayan,0,0,0,0,0,0
zamboanga-del-norte,sibuco,0,0,0,0,0,0
zamboanga-del-norte,sibutad,0,0,0,0,0,0
zamboanga-del-norte,sindangan,0,0,0,0,0,0
zamboanga-del-norte,sirawai,0,0,0,0,0,0
zamboanga-del-norte,tampilisan,0,0,0,0,0,0
zamboanga-del-sur,aurora-2,0,0,0,0,0,0
zamboanga-del-sur,bayog,0,0,0,0,0,0
zamboanga-del-sur,dimataling,0,0,0,0,0,0
zamboanga-del-sur,dinas,0,0,0,0,0,0
zamboanga-del-sur,dumalinao,0,0,0,0,0,0
zamboanga-del-sur,dumingag,0,0,0,0,0,0
zamboanga-del-sur,guipos,0,0,0,0,0,0
zamboanga-del-sur,josefina,0,0,0,0,0,0
zamboanga-del-sur,kumalarang,0,0,0,0,0,0
zamboanga-del-sur,labangan,0,0,0,0,0,0
zamboanga-del-sur,lakewood,0,0,0,0,0,0
zamboanga-del-sur,lapuyan,0,0,0,0,0,0
zamboanga-del-sur,mahayag,0,0,0,0,0,0
zamboanga-del-sur,margosatubig,0,0,0,0,0,0
zamboanga-del-sur,midsalip,0,0,0,0,0,0
zamboanga-del-sur,molave,0,0,0,0,0,0
zamboanga-del-sur,pagadian,6,0,1,0,0,0
zamboanga-del-sur,pitogo-1,0,0,0,0,0,0
zamboanga-del-sur,ramon-magsaysay,0,0,0,0,0,0
zamboanga-del-sur,san-miguel-6,0,0,0,0,0,0
zamboanga-del-sur,san-pablo-2,0,0,0,0,0,0
zamboanga-del-sur,sominot,0,0,0,0,0,0
zamboanga-del-sur,tabina,0,0,0,0,0,0
zamboanga-del-sur,tambulig,0,0,0,0,0,0
zamboanga-del-sur,tigbao,0,0,0,0,0,0
zamboanga-del-sur,tukuran,0,0,0,0,0,0
zamboanga-del-sur,vincenzo-a-sagun,0,0,0,0,0,0
zamboanga-del-sur,zamboanga,10,0,0,0,2,0
zamboanga-sibugay,alicia-2,0,0,0,0,0,0
zamboanga-sibugay,buug,0,0,0,0,0,0
zamboanga-sibugay,diplahan,0,0,0,0,0,0
zamboanga-sibugay,imelda,0,0,0,0,0,0
zamboanga-sibugay,ipil,0,0,0,0,0,0
zamboanga-sibugay,kabasalan,0,0,0,0,0,0
zamboanga-sibugay,mabuhay,0,0,0,0,0,0
zamboanga-sibugay,malangas,0,0,0,0,0,0
zamboanga-sibugay,naga-2,2,0,0,0,0,0
zamboanga-sibugay,olutanga,0,0,0,0,0,0
zamboanga-sibugay,payao,0,0,0,0,0,0
zamboanga-sibugay,roseller-lim,0,0,0,0,0,0
zamboanga-sibugay,siayan-1,0,0,0,0,0,0
zamboanga-sibugay,talusan,0,0,0,0,0,0
zamboanga-sibugay,titay,0,0,0,0,0,0
zamboanga-sibugay,tungawan,0,0,0,0,0,0
